full_name,number
dotCMS/core,32609
apache/pulsar,24542
dotCMS/core,32771
dotCMS/core,32561
microsoft/ApplicationInsights-Java,4293
microsoft/typespec,7783
microsoft/typespec,7739
valkey-io/valkey-glide,4262
microsoft/typespec,7661
microsoft/typespec,7667
microsoft/typespec,7779
microsoft/typespec,7439
valkey-io/valkey-glide,4456
microsoft/ApplicationInsights-Java,4326
microsoft/ApplicationInsights-Java,4252
microsoft/ApplicationInsights-Java,4257
microsoft/typespec,7801
valkey-io/valkey-glide,4407
Azure/azure-sdk-for-java,45795
camunda/camunda,35602
microsoft/typespec,7481
EduMIPS64/edumips64,1360
microsoft/typespec,7602
apolloconfig/apollo,5438
valkey-io/valkey-glide,4287
valkey-io/valkey-glide,4288
valkey-io/valkey-glide,4289
valkey-io/valkey-glide,4290
microsoft/typespec,7458
Azure/azure-sdk-for-java,45808
objectionary/eo,4317
microsoft/ApplicationInsights-Java,4269
camunda/camunda,34932
objectionary/eo,4280
objectionary/eo,4282
1c-syntax/bsl-language-server,3481
EduMIPS64/edumips64,1361
camunda/camunda,34576
wgzhao/Addax,1321
OWASP/wrongsecrets,2120
microsoft/ApplicationInsights-Java,4262
microsoft/ApplicationInsights-Java,4377
valkey-io/valkey-glide,4471
microsoft/typespec,7760
valkey-io/valkey-glide,4481
OWASP/wrongsecrets,2115
camunda/camunda,35374
Azure/azure-sdk-for-java,45595
camunda/camunda,35347
W1LDN16H7/JPL,1
valkey-io/valkey-glide,4295
camunda/camunda,34581
valkey-io/valkey-glide,4462
Azure/azure-sdk-for-java,45797
Azure/azure-sdk-for-java,45803
binarywang/WxJava,3646
binarywang/WxJava,3647
binarywang/WxJava,3655
binarywang/WxJava,3658
valkey-io/valkey-glide,4469
camunda/camunda,34544
microsoft/typespec,7644
microsoft/typespec,7735
microsoft/typespec,7927
valkey-io/valkey-glide,4353
microsoft/typespec,7755
valkey-io/valkey-glide,4324
microsoft/typespec,8008
wgzhao/dbeaver-agent,22
OWASP/wrongsecrets,2117
microsoft/ApplicationInsights-Java,4328
microsoft/typespec,7426
microsoft/typespec,7967
camunda/camunda,35007
EduMIPS64/edumips64,1363
EduMIPS64/edumips64,1364
valkey-io/valkey-glide,4376
valkey-io/valkey-glide,4377
valkey-io/valkey-glide,4380
valkey-io/valkey-glide,4381
valkey-io/valkey-glide,4384
valkey-io/valkey-glide,4386
OpenHFT/Chronicle-Core,747
OpenHFT/Chronicle-Core,749
jdereg/java-util,149
jdereg/java-util,147
jdereg/java-util,146
jdereg/java-util,141
jdereg/java-util,139
jdereg/java-util,293
jdereg/java-util,294
jdereg/java-util,315
OpenHFT/Java-Thread-Affinity,152
OpenHFT/Java-Thread-Affinity,155
OpenHFT/Chronicle-Core,737
OpenHFT/Chronicle-Bytes,677
jdereg/java-util,245
jdereg/java-util,257
OpenHFT/Chronicle-Core,755
OpenHFT/Chronicle-Core,757
OpenHFT/Chronicle-Core,764
OpenHFT/Chronicle-Core,782
OpenHFT/Chronicle-Core,792
OpenHFT/Chronicle-Core,807
halilozel1903/AndroidTVMovieParadise,17
halilozel1903/AndroidTVMovieParadise,19
jdereg/json-io,408
jdereg/json-io,407
jdereg/json-io,405
jdereg/json-io,378
VerisimilitudeX/DNAnalyzer,527
jdereg/json-io,322
OpenHFT/Chronicle-Bytes,657
OpenHFT/Chronicle-Bytes,659
OpenHFT/Chronicle-Bytes,660
jdereg/java-util,274
jdereg/java-util,273
jdereg/java-util,272
jdereg/java-util,140
OpenHFT/Chronicle-Threads,328
OpenHFT/Chronicle-Wire,997
OpenHFT/Chronicle-Wire,998
OpenHFT/Chronicle-Wire,999
halilozel1903/AndroidTVMovieParadise,13
jdereg/java-util,204
jdereg/java-util,207
OpenHFT/Java-Thread-Affinity,168
OpenHFT/Java-Thread-Affinity,173
jdereg/java-util,208
jdereg/java-util,209
jdereg/java-util,210
jdereg/java-util,211
jdereg/java-util,212
jdereg/java-util,213
jdereg/java-util,215
jdereg/java-util,246
jdereg/java-util,247
jdereg/java-util,248
jdereg/java-util,249
jdereg/java-util,254
OpenHFT/Chronicle-Values,159
Camelcade/Perl5-IDEA,3002
jdereg/java-util,348
jdereg/java-util,349
jdereg/java-util,350
jdereg/java-util,351
jdereg/java-util,152
OpenHFT/Chronicle-Threads,275
OpenHFT/Chronicle-Threads,282
jdereg/java-util,360
jdereg/java-util,270
OpenHFT/Java-Thread-Affinity,139
OpenHFT/Java-Thread-Affinity,141
OpenHFT/Java-Thread-Affinity,150
jdereg/json-io,418
OpenHFT/Chronicle-Threads,277
OpenHFT/Chronicle-Threads,280
Camelcade/Perl5-IDEA,3004
Stirling-Tools/Stirling-PDF,3557
OpenHFT/Chronicle-Wire,1100
jdereg/java-util,277
traccar/traccar,5570
OpenHFT/Java-Thread-Affinity,167
OpenHFT/Java-Thread-Affinity,169
OpenHFT/Chronicle-Values,92
OpenHFT/Chronicle-Values,104
OpenHFT/Chronicle-Values,109
OpenHFT/Chronicle-Values,123
OpenHFT/Chronicle-Values,135
OpenHFT/Chronicle-Values,136
OpenHFT/Chronicle-Values,138
OpenHFT/Chronicle-Values,142
OpenHFT/Chronicle-Values,144
OpenHFT/Chronicle-Values,148
OpenHFT/Chronicle-Values,150
OpenHFT/Chronicle-Values,153
jdereg/json-io,325
jdereg/json-io,328
jdereg/json-io,332
USS-Shenzhou/MadParticle,18
halilozel1903/AndroidTVMovieParadise,8
halilozel1903/AndroidTVMovieParadise,21
jdereg/java-util,317
jdereg/java-util,318
jdereg/java-util,319
jdereg/java-util,320
VerisimilitudeX/DNAnalyzer,524
VerisimilitudeX/DNAnalyzer,525
jdereg/json-io,409
jdereg/java-util,225
OpenHFT/Java-Thread-Affinity,140
OpenHFT/Java-Thread-Affinity,148
OpenHFT/Chronicle-Wire,1096
VerisimilitudeX/DNAnalyzer,502
VerisimilitudeX/DNAnalyzer,506
SimonHalvdansson/Harmonic-HN,212
jdereg/json-io,330
jdereg/json-io,331
jdereg/json-io,333
jdereg/json-io,336
OpenHFT/Chronicle-Logger,144
OpenHFT/Chronicle-Logger,145
OpenHFT/Chronicle-Logger,147
OpenHFT/Chronicle-Logger,149
OpenHFT/Chronicle-Logger,154
OpenHFT/Chronicle-Logger,157
OpenHFT/Chronicle-Logger,159
OpenHFT/Chronicle-Logger,160
OpenHFT/Chronicle-Logger,166
OpenHFT/Chronicle-Logger,170
OpenHFT/Chronicle-Logger,171
OpenHFT/Chronicle-Logger,172
OpenHFT/Chronicle-Logger,173
OpenHFT/Chronicle-Logger,174
OpenHFT/Chronicle-Logger,175
OpenHFT/Chronicle-Logger,177
OpenHFT/Chronicle-Logger,178
OpenHFT/Chronicle-Logger,181
OpenHFT/Chronicle-Logger,185
OpenHFT/Chronicle-Logger,189
OpenHFT/Chronicle-Wire,1122
OpenHFT/Chronicle-Wire,1123
OpenHFT/Chronicle-Wire,1124
OpenHFT/Chronicle-Wire,1125
OpenHFT/Chronicle-Wire,1126
OpenHFT/Chronicle-Wire,1127
OpenHFT/Chronicle-Wire,1128
OpenHFT/Chronicle-Wire,1129
OpenHFT/Chronicle-Wire,1130
OpenHFT/Chronicle-Wire,1132
OpenHFT/Chronicle-Wire,1133
OpenHFT/Chronicle-Wire,1134
OpenHFT/Chronicle-Wire,1135
jdereg/json-io,318
jdereg/json-io,317
JetBrains/psiviewer,106
jdereg/java-util,292
jdereg/java-util,299
jdereg/java-util,300
jdereg/java-util,302
jdereg/java-util,303
OpenHFT/Chronicle-Logger,142
OpenHFT/Chronicle-Threads,312
OpenHFT/Chronicle-Threads,313
OpenHFT/Chronicle-Threads,314
OpenHFT/Chronicle-Threads,315
OpenHFT/Chronicle-Threads,316
OpenHFT/Chronicle-Threads,317
OpenHFT/Chronicle-Threads,318
OpenHFT/Chronicle-Threads,319
OpenHFT/Chronicle-Threads,320
OpenHFT/Chronicle-Threads,321
OpenHFT/Chronicle-Threads,322
OpenHFT/Chronicle-Threads,323
OpenHFT/Chronicle-Threads,324
OpenHFT/Chronicle-Threads,325
plantuml/plantuml,2210
jdereg/json-io,414
jdereg/json-io,416
jdereg/java-util,153
apache/pinot,16030
jdereg/java-util,335
jdereg/java-util,336
jdereg/java-util,120
jdereg/java-util,123
jdereg/java-util,126
jdereg/java-util,129
DataDog/dd-trace-java,8984
jdereg/java-util,159
jdereg/java-util,161
jdereg/java-util,165
jdereg/java-util,170
jdereg/java-util,171
jdereg/java-util,172
jdereg/java-util,173
jdereg/java-util,134
jdereg/json-io,316
jdereg/java-util,174
jdereg/json-io,402
jdereg/json-io,403
jdereg/java-util,343
jdereg/java-util,163
halilozel1903/AndroidTVMovieParadise,18
halilozel1903/AndroidTVMovieParadise,25
jdereg/java-util,167
jdereg/java-util,345
jdereg/json-io,334
jdereg/json-io,335
jdereg/json-io,337
jdereg/json-io,338
jdereg/json-io,341
jdereg/json-io,342
jdereg/json-io,343
jdereg/json-io,344
jdereg/json-io,345
jdereg/json-io,346
jdereg/json-io,359
jdereg/json-io,360
jdereg/java-util,224
jdereg/java-util,222
jdereg/java-util,223
jdereg/java-util,226
jdereg/java-util,227
jdereg/java-util,228
jdereg/java-util,229
jdereg/java-util,231
jdereg/java-util,232
jdereg/java-util,233
jdereg/java-util,234
jdereg/java-util,235
jdereg/java-util,236
jdereg/java-util,239
jdereg/java-util,240
jdereg/java-util,241
jdereg/java-util,242
jdereg/java-util,243
jdereg/json-io,313
Camelcade/Perl5-IDEA,3003
jdereg/java-util,337
OpenHFT/Chronicle-Wire,1097
OpenHFT/Chronicle-Wire,1098
OpenHFT/Chronicle-Wire,1099
jdereg/json-io,339
jdereg/json-io,340
jdereg/json-io,348
jdereg/json-io,349
jdereg/json-io,350
jdereg/json-io,351
jdereg/json-io,352
OpenHFT/Java-Thread-Affinity,138
OpenHFT/Java-Thread-Affinity,142
OpenHFT/Chronicle-Bytes,682
OpenHFT/Chronicle-Bytes,683
OpenHFT/Chronicle-Bytes,684
OpenHFT/Chronicle-Bytes,685
OpenHFT/Chronicle-Bytes,687
SimonHalvdansson/Harmonic-HN,216
operaton/operaton,911
jdereg/java-util,252
jdereg/java-util,253
jdereg/java-util,255
jdereg/java-util,256
jdereg/java-util,258
halilozel1903/AndroidTVMovieParadise,23
halilozel1903/AndroidTVMovieParadise,24
OpenHFT/Chronicle-Threads,279
OpenHFT/Chronicle-Threads,281
OpenHFT/Chronicle-Threads,283
OpenHFT/Chronicle-Threads,287
OpenHFT/Chronicle-Threads,295
OpenHFT/Chronicle-Threads,298
OpenHFT/Chronicle-Threads,299
OpenHFT/Chronicle-Threads,300
OpenHFT/Chronicle-Threads,301
OpenHFT/Chronicle-Threads,302
OpenHFT/Chronicle-Threads,303
OpenHFT/Chronicle-Threads,304
OpenHFT/Chronicle-Threads,305
OpenHFT/Chronicle-Threads,306
OpenHFT/Chronicle-Threads,307
OpenHFT/Chronicle-Threads,308
OpenHFT/Chronicle-Threads,309
OpenHFT/Chronicle-Threads,310
OpenHFT/Chronicle-Threads,311
OpenHFT/Java-Thread-Affinity,149
VerisimilitudeX/DNAnalyzer,535
jdereg/java-util,304
jdereg/java-util,306
jdereg/java-util,310
jdereg/java-util,311
jdereg/java-util,312
jdereg/java-util,313
jdereg/java-util,314
jdereg/java-util,316
SimonHalvdansson/Harmonic-HN,220
OpenHFT/Java-Thread-Affinity,151
jdereg/json-io,311
OpenHFT/Java-Thread-Affinity,143
OpenHFT/Java-Thread-Affinity,156
OpenHFT/Java-Thread-Affinity,161
jdereg/json-io,394
jdereg/json-io,398
OpenHFT/Chronicle-Values,125
OpenHFT/Chronicle-Values,130
OpenHFT/Chronicle-Values,133
OpenHFT/Chronicle-Values,140
OpenHFT/Chronicle-Values,146
OpenHFT/Chronicle-Values,149
OpenHFT/Chronicle-Values,154
OpenHFT/Java-Runtime-Compiler,149
OpenHFT/Java-Runtime-Compiler,153
OpenHFT/Java-Runtime-Compiler,158
jdereg/java-util,260
xpinjection/test-driven-spring-boot,11
OpenHFT/Chronicle-Values,139
jdereg/json-io,411
jdereg/java-util,329
jdereg/java-util,333
OpenHFT/Chronicle-Values,62
OpenHFT/Chronicle-Values,72
OpenHFT/Chronicle-Values,76
OpenHFT/Chronicle-Values,78
jdereg/java-util,175
jdereg/java-util,176
jdereg/java-util,179
jdereg/java-util,181
jdereg/java-util,182
jdereg/java-util,183
jdereg/java-util,184
jdereg/java-util,185
freeplane/freeplane,2537
jdereg/java-util,326
jdereg/json-io,314
jdereg/java-util,127
OpenHFT/Java-Runtime-Compiler,160
OpenHFT/Chronicle-Values,156
OpenHFT/Chronicle-Values,157
OpenHFT/Chronicle-Core,768
OpenHFT/Chronicle-Core,774
OpenHFT/Chronicle-Core,799
jdereg/java-util,133
jdereg/java-util,195
jdereg/java-util,196
jdereg/java-util,197
OpenHFT/Chronicle-Bytes,678
OpenHFT/Chronicle-Bytes,680
OpenHFT/Chronicle-Wire,1101
OpenHFT/Chronicle-Wire,1102
OpenHFT/Chronicle-Wire,1103
OpenHFT/Chronicle-Wire,1104
OpenHFT/Chronicle-Wire,1105
OpenHFT/Chronicle-Wire,1106
OpenHFT/Chronicle-Wire,1107
OpenHFT/Chronicle-Wire,1108
OpenHFT/Chronicle-Wire,1110
OpenHFT/Chronicle-Wire,1111
OpenHFT/Chronicle-Wire,1112
OpenHFT/Chronicle-Wire,1113
OpenHFT/Chronicle-Wire,1114
OpenHFT/Chronicle-Wire,1115
OpenHFT/Chronicle-Wire,1116
OpenHFT/Chronicle-Wire,1117
OpenHFT/Chronicle-Wire,1118
OpenHFT/Chronicle-Wire,1119
OpenHFT/Chronicle-Wire,1120
OpenHFT/Chronicle-Bytes,663
OpenHFT/Chronicle-Bytes,664
OpenHFT/Chronicle-Bytes,666
OpenHFT/Chronicle-Bytes,667
OpenHFT/Chronicle-Bytes,668
OpenHFT/Chronicle-Bytes,670
OpenHFT/Chronicle-Bytes,671
OpenHFT/Chronicle-Bytes,672
OpenHFT/Chronicle-Bytes,673
OpenHFT/Chronicle-Bytes,675
DataDog/dd-trace-java,8985
Camelcade/Perl5-IDEA,3005
VerisimilitudeX/DNAnalyzer,529
jdereg/java-util,269
Stirling-Tools/Stirling-PDF,3989
OpenHFT/Chronicle-Wire,1185
OpenHFT/Chronicle-Wire,1186
OpenHFT/Chronicle-Wire,1187
OpenHFT/Chronicle-Wire,1188
OpenHFT/Chronicle-Wire,1189
OpenHFT/Chronicle-Wire,1190
OpenHFT/Chronicle-Wire,1191
OpenHFT/Chronicle-Wire,1192
OpenHFT/Chronicle-Wire,1193
OpenHFT/Chronicle-Wire,1194
OpenHFT/Chronicle-Threads,276
OpenHFT/Chronicle-Threads,278
OpenHFT/Chronicle-Threads,284
OpenHFT/Chronicle-Threads,285
OpenHFT/Chronicle-Threads,286
OpenHFT/Chronicle-Threads,289
OpenHFT/Chronicle-Threads,290
OpenHFT/Chronicle-Threads,293
OpenHFT/Chronicle-Threads,294
OpenHFT/Chronicle-Threads,296
OpenHFT/Chronicle-Threads,297
jdereg/java-util,289
halilozel1903/AndroidTVMovieParadise,20
jdereg/java-util,200
OpenHFT/Chronicle-Values,141
OpenHFT/Chronicle-Values,147
JetBrains/psiviewer,104
jdereg/java-util,342
OpenHFT/Java-Thread-Affinity,147
VerisimilitudeX/DNAnalyzer,534
VerisimilitudeX/DNAnalyzer,539
jdereg/json-io,326
SimonHalvdansson/Harmonic-HN,217
operaton/operaton,891
jdereg/java-util,279
jdereg/java-util,284
VerisimilitudeX/DNAnalyzer,530
jdereg/java-util,275
OpenHFT/Chronicle-Core,791
jdereg/java-util,285
jdereg/java-util,287
xpinjection/test-driven-spring-boot,13
jdereg/java-util,355
VerisimilitudeX/DNAnalyzer,500
cwuom/ono,3
jdereg/java-util,268
jdereg/java-util,267
OpenHFT/Chronicle-Core,790
jdereg/json-io,413
apache/pinot,16078
OpenHFT/Chronicle-Core,815
jdereg/json-io,309
SimonHalvdansson/Harmonic-HN,219
traccar/traccar,5557
halilozel1903/AndroidTVMovieParadise,9
halilozel1903/AndroidTVMovieParadise,11
halilozel1903/AndroidTVMovieParadise,12
halilozel1903/AndroidTVMovieParadise,15
halilozel1903/AndroidTVMovieParadise,16
jdereg/java-util,332
OpenHFT/Chronicle-Values,69
halilozel1903/AndroidTVMovieParadise,22
jdereg/java-util,121
jdereg/java-util,262
jdereg/java-util,264
jdereg/json-io,384
jdereg/json-io,385
jdereg/json-io,386
jdereg/json-io,387
jdereg/json-io,388
jdereg/json-io,389
OpenHFT/Java-Thread-Affinity,145
VerisimilitudeX/DNAnalyzer,509
VerisimilitudeX/DNAnalyzer,511
VerisimilitudeX/DNAnalyzer,513
jdereg/java-util,352
operaton/operaton,903
SimonHalvdansson/Harmonic-HN,218
jdereg/java-util,203
jdereg/java-util,205
xpinjection/test-driven-spring-boot,16
jdereg/java-util,331
OpenHFT/Chronicle-Core,740
OpenHFT/Chronicle-Core,745
VerisimilitudeX/DNAnalyzer,520
jdereg/java-util,131
jdereg/java-util,132
OpenHFT/Chronicle-Values,155
OpenHFT/Chronicle-Values,158
jdereg/java-util,344
JetBrains/psiviewer,105
OpenHFT/Chronicle-Wire,1136
OpenHFT/Chronicle-Wire,1137
OpenHFT/Chronicle-Wire,1142
OpenHFT/Chronicle-Wire,1144
OpenHFT/Chronicle-Wire,1145
OpenHFT/Chronicle-Wire,1146
OpenHFT/Chronicle-Wire,1147
OpenHFT/Chronicle-Wire,1148
OpenHFT/Chronicle-Wire,1149
OpenHFT/Chronicle-Wire,1150
OpenHFT/Chronicle-Wire,1151
OpenHFT/Chronicle-Wire,1152
OpenHFT/Chronicle-Wire,1153
OpenHFT/Chronicle-Wire,1154
OpenHFT/Chronicle-Wire,1155
OpenHFT/Chronicle-Wire,1156
OpenHFT/Chronicle-Wire,1157
OpenHFT/Chronicle-Wire,1158
OpenHFT/Chronicle-Wire,1159
OpenHFT/Chronicle-Wire,1160
OpenHFT/Chronicle-Wire,1161
OpenHFT/Chronicle-Wire,1162
OpenHFT/Chronicle-Wire,1163
OpenHFT/Chronicle-Wire,1164
OpenHFT/Chronicle-Wire,1165
OpenHFT/Chronicle-Wire,1166
OpenHFT/Chronicle-Wire,1167
OpenHFT/Chronicle-Wire,1168
OpenHFT/Chronicle-Wire,1169
OpenHFT/Chronicle-Wire,1177
OpenHFT/Chronicle-Wire,1178
OpenHFT/Chronicle-Wire,1179
OpenHFT/Chronicle-Wire,1180
OpenHFT/Chronicle-Wire,1181
OpenHFT/Chronicle-Wire,1182
OpenHFT/Chronicle-Logger,148
OpenHFT/Chronicle-Logger,151
OpenHFT/Chronicle-Logger,156
OpenHFT/Chronicle-Logger,183
jdereg/json-io,319
Photon-GitHub/AntiCheatAddition,687
Photon-GitHub/AntiCheatAddition,688
xpinjection/test-driven-spring-boot,12
jdereg/java-util,290
VerisimilitudeX/DNAnalyzer,544
halilozel1903/AndroidTVMovieParadise,14
OpenHFT/Chronicle-Threads,291
operaton/operaton,913
jdereg/java-util,353
jdereg/java-util,164
jdereg/java-util,166
jdereg/java-util,169
xpinjection/test-driven-spring-boot,15
jdereg/java-util,334
VerisimilitudeX/DNAnalyzer,528
jdereg/json-io,396
OpenHFT/Chronicle-Core,788
OpenHFT/Chronicle-Core,793
jdereg/java-util,307
jdereg/java-util,308
jdereg/java-util,309
jdereg/java-util,130
jdereg/java-util,154
jdereg/java-util,155
jdereg/java-util,158
OpenHFT/Java-Thread-Affinity,165
OpenHFT/Java-Thread-Affinity,170
OpenHFT/Java-Thread-Affinity,171
OpenHFT/Chronicle-Bytes,679
jdereg/java-util,138
jdereg/java-util,137
OpenHFT/Java-Thread-Affinity,144
jdereg/json-io,395
VerisimilitudeX/DNAnalyzer,501
VerisimilitudeX/DNAnalyzer,503
jdereg/java-util,214
jdereg/java-util,216
jdereg/java-util,218
VerisimilitudeX/DNAnalyzer,519
VerisimilitudeX/DNAnalyzer,521
halilozel1903/AndroidTVMovieParadise,10
jdereg/java-util,119
jdereg/java-util,330
OpenHFT/Chronicle-Core,739
OpenHFT/Chronicle-Core,742
OpenHFT/Chronicle-Core,743
OpenHFT/Chronicle-Core,746
OpenHFT/Chronicle-Core,752
OpenHFT/Chronicle-Core,756
OpenHFT/Chronicle-Core,758
OpenHFT/Chronicle-Core,759
jdereg/java-util,280
OpenHFT/Java-Thread-Affinity,174
OpenHFT/Java-Thread-Affinity,166
traccar/traccar,5568
OpenHFT/Chronicle-Wire,1195
OpenHFT/Chronicle-Wire,1196
OpenHFT/Chronicle-Wire,1198
OpenHFT/Chronicle-Wire,1199
jdereg/java-util,145
OpenHFT/Chronicle-Wire,1000
OpenHFT/Chronicle-Wire,1009
OpenHFT/Chronicle-Wire,1010
OpenHFT/Chronicle-Wire,1012
OpenHFT/Chronicle-Wire,1013
OpenHFT/Chronicle-Wire,1014
OpenHFT/Chronicle-Wire,1015
OpenHFT/Chronicle-Wire,1016
OpenHFT/Chronicle-Wire,1017
OpenHFT/Chronicle-Wire,1019
OpenHFT/Chronicle-Wire,1021
OpenHFT/Chronicle-Wire,1022
OpenHFT/Chronicle-Wire,1023
OpenHFT/Chronicle-Wire,1024
OpenHFT/Chronicle-Wire,1025
OpenHFT/Chronicle-Wire,1026
OpenHFT/Chronicle-Wire,1027
OpenHFT/Chronicle-Wire,1028
OpenHFT/Chronicle-Wire,1029
OpenHFT/Chronicle-Wire,1031
OpenHFT/Chronicle-Wire,1032
OpenHFT/Chronicle-Wire,1033
OpenHFT/Chronicle-Wire,1034
OpenHFT/Chronicle-Wire,1035
OpenHFT/Chronicle-Wire,1037
OpenHFT/Chronicle-Wire,1039
OpenHFT/Chronicle-Wire,1040
OpenHFT/Chronicle-Wire,1041
OpenHFT/Chronicle-Wire,1042
OpenHFT/Chronicle-Wire,1043
OpenHFT/Chronicle-Wire,1044
OpenHFT/Chronicle-Wire,1045
OpenHFT/Chronicle-Wire,1047
OpenHFT/Chronicle-Wire,1048
OpenHFT/Chronicle-Wire,1049
OpenHFT/Chronicle-Wire,1053
OpenHFT/Chronicle-Wire,1054
OpenHFT/Chronicle-Wire,1055
OpenHFT/Chronicle-Wire,1056
OpenHFT/Chronicle-Wire,1058
OpenHFT/Chronicle-Wire,1059
OpenHFT/Chronicle-Wire,1060
OpenHFT/Chronicle-Wire,1061
OpenHFT/Chronicle-Wire,1062
OpenHFT/Chronicle-Wire,1064
OpenHFT/Chronicle-Wire,1065
OpenHFT/Chronicle-Wire,1066
OpenHFT/Chronicle-Wire,1068
OpenHFT/Chronicle-Wire,1069
OpenHFT/Chronicle-Wire,1070
OpenHFT/Chronicle-Wire,1071
OpenHFT/Chronicle-Wire,1072
OpenHFT/Chronicle-Wire,1073
jdereg/java-util,341
jdereg/java-util,148
jdereg/java-util,217
jdereg/java-util,219
Stirling-Tools/Stirling-PDF,3555
Stirling-Tools/Stirling-PDF,3556
jdereg/json-io,347
jdereg/json-io,357
VerisimilitudeX/DNAnalyzer,538
jdereg/json-io,366
jdereg/json-io,415
jdereg/json-io,417
jdereg/java-util,144
jdereg/java-util,143
jdereg/java-util,142
jdereg/java-util,261
jdereg/java-util,265
jdereg/java-util,266
jdereg/java-util,271
SimonHalvdansson/Harmonic-HN,223
OpenHFT/Chronicle-Values,132
OpenHFT/Chronicle-Values,134
OpenHFT/Chronicle-Values,137
OpenHFT/Chronicle-Values,143
OpenHFT/Chronicle-Values,145
OpenHFT/Chronicle-Values,152
OpenHFT/Java-Runtime-Compiler,150
OpenHFT/Java-Runtime-Compiler,152
OpenHFT/Java-Runtime-Compiler,154
OpenHFT/Java-Runtime-Compiler,155
OpenHFT/Java-Runtime-Compiler,156
OpenHFT/Java-Runtime-Compiler,157
jdereg/java-util,338
jdereg/java-util,263
EduMIPS64/edumips64,1379
OpenHFT/Chronicle-Threads,292
jdereg/json-io,315
jdereg/java-util,157
jdereg/java-util,168
jdereg/json-io,393
jdereg/json-io,399
jdereg/json-io,400
jdereg/json-io,401
SimonHalvdansson/Harmonic-HN,213
jdereg/java-util,230
jdereg/java-util,237
jdereg/java-util,244
jdereg/java-util,250
VerisimilitudeX/DNAnalyzer,543
SimonHalvdansson/Harmonic-HN,215
OpenHFT/Chronicle-Core,766
OpenHFT/Chronicle-Core,771
OpenHFT/Chronicle-Core,775
OpenHFT/Chronicle-Core,776
OpenHFT/Chronicle-Core,777
OpenHFT/Chronicle-Core,779
OpenHFT/Chronicle-Core,781
OpenHFT/Chronicle-Core,784
OpenHFT/Chronicle-Core,785
OpenHFT/Chronicle-Core,789
OpenHFT/Chronicle-Core,795
OpenHFT/Chronicle-Core,797
OpenHFT/Chronicle-Core,808
OpenHFT/Chronicle-Core,809
OpenHFT/Chronicle-Core,811
jdereg/java-util,122
jdereg/java-util,124
jdereg/java-util,125
jdereg/java-util,128
EduMIPS64/edumips64,1378
jdereg/java-util,347
jdereg/java-util,221
jdereg/java-util,251
jdereg/java-util,151
jdereg/java-util,162
OpenHFT/Chronicle-Wire,1078
OpenHFT/Chronicle-Wire,1079
OpenHFT/Chronicle-Wire,1082
OpenHFT/Chronicle-Wire,1083
OpenHFT/Chronicle-Wire,1084
OpenHFT/Chronicle-Wire,1085
OpenHFT/Chronicle-Wire,1086
OpenHFT/Chronicle-Wire,1087
OpenHFT/Chronicle-Wire,1089
OpenHFT/Chronicle-Wire,1093
OpenHFT/Chronicle-Bytes,656
jdereg/java-util,220
xpinjection/test-driven-spring-boot,7
OpenHFT/Chronicle-Values,114
OpenHFT/Chronicle-Values,118
OpenHFT/Chronicle-Values,74
OpenHFT/Chronicle-Values,115
OpenHFT/Chronicle-Values,116
OpenHFT/Chronicle-Core,787
OpenHFT/Chronicle-Core,796
OpenHFT/Chronicle-Core,800
OpenHFT/Chronicle-Core,801
OpenHFT/Chronicle-Core,802
OpenHFT/Chronicle-Core,803
OpenHFT/Chronicle-Core,804
OpenHFT/Chronicle-Core,805
OpenHFT/Chronicle-Core,806
EduMIPS64/edumips64,1380
jdereg/json-io,321
OpenHFT/Chronicle-Values,73
OpenHFT/Chronicle-Values,81
OpenHFT/Chronicle-Values,83
OpenHFT/Chronicle-Values,84
OpenHFT/Chronicle-Values,85
OpenHFT/Chronicle-Values,86
OpenHFT/Chronicle-Values,90
OpenHFT/Chronicle-Values,91
OpenHFT/Chronicle-Values,93
OpenHFT/Chronicle-Values,96
OpenHFT/Chronicle-Values,97
OpenHFT/Chronicle-Values,98
OpenHFT/Chronicle-Values,99
OpenHFT/Chronicle-Values,100
OpenHFT/Chronicle-Values,101
OpenHFT/Chronicle-Values,102
OpenHFT/Chronicle-Values,103
OpenHFT/Chronicle-Values,105
OpenHFT/Chronicle-Values,106
OpenHFT/Chronicle-Values,107
OpenHFT/Chronicle-Values,108
OpenHFT/Chronicle-Values,110
OpenHFT/Chronicle-Values,111
OpenHFT/Chronicle-Values,112
OpenHFT/Chronicle-Values,113
OpenHFT/Chronicle-Values,117
OpenHFT/Chronicle-Values,119
OpenHFT/Chronicle-Values,120
OpenHFT/Chronicle-Values,121
OpenHFT/Chronicle-Values,122
OpenHFT/Chronicle-Values,124
OpenHFT/Chronicle-Values,126
OpenHFT/Chronicle-Values,127
OpenHFT/Chronicle-Values,128
OpenHFT/Chronicle-Values,129
OpenHFT/Chronicle-Core,810
OpenHFT/Java-Thread-Affinity,172
jdereg/java-util,359
apache/pinot,16085
OpenHFT/Chronicle-Core,744
OpenHFT/Chronicle-Core,748
OpenHFT/Chronicle-Core,751
OpenHFT/Chronicle-Core,753
OpenHFT/Chronicle-Core,754
OpenHFT/Chronicle-Core,767
OpenHFT/Chronicle-Core,770
OpenHFT/Chronicle-Core,778
OpenHFT/Chronicle-Core,780
jdereg/java-util,282
jdereg/java-util,283
jdereg/java-util,286
jdereg/java-util,288
OpenHFT/Chronicle-Logger,146
OpenHFT/Chronicle-Logger,150
OpenHFT/Chronicle-Logger,153
OpenHFT/Chronicle-Logger,155
OpenHFT/Chronicle-Logger,158
OpenHFT/Chronicle-Logger,161
OpenHFT/Chronicle-Logger,162
OpenHFT/Chronicle-Logger,163
OpenHFT/Chronicle-Logger,164
OpenHFT/Chronicle-Logger,165
OpenHFT/Chronicle-Logger,167
OpenHFT/Chronicle-Logger,168
OpenHFT/Chronicle-Logger,169
OpenHFT/Chronicle-Logger,179
OpenHFT/Chronicle-Logger,180
OpenHFT/Chronicle-Logger,184
OpenHFT/Chronicle-Logger,186
OpenHFT/Chronicle-Logger,187
OpenHFT/Chronicle-Logger,188
OpenHFT/Chronicle-Logger,190
OpenHFT/Chronicle-Logger,191
OpenHFT/Chronicle-Logger,193
OpenHFT/Chronicle-Core,813
OpenHFT/Chronicle-Core,814
jdereg/java-util,358
Stirling-Tools/Stirling-PDF,3621
jdereg/java-util,201
jdereg/java-util,346
jdereg/json-io,412
jdereg/java-util,321
jdereg/java-util,322
jdereg/java-util,118
xpinjection/test-driven-spring-boot,8
xpinjection/test-driven-spring-boot,9
jdereg/json-io,375
jdereg/json-io,376
jdereg/json-io,377
jdereg/json-io,379
jdereg/json-io,380
jdereg/json-io,381
jdereg/json-io,382
jdereg/json-io,383
VerisimilitudeX/DNAnalyzer,536
VerisimilitudeX/DNAnalyzer,540
OpenHFT/Chronicle-Logger,182
OpenHFT/Chronicle-Logger,192
jdereg/java-util,305
jdereg/java-util,323
jdereg/java-util,324
jdereg/json-io,392
OpenHFT/Chronicle-Logger,176
jdereg/java-util,186
jdereg/java-util,189
jdereg/java-util,190
jdereg/java-util,191
jdereg/java-util,192
jdereg/java-util,193
jdereg/java-util,194
jdereg/java-util,198
kongzue/DialogX,502
jdereg/java-util,328
operaton/operaton,1001
jdereg/json-io,312
OpenHFT/Java-Thread-Affinity,157
jdereg/java-util,356
jdereg/java-util,357
jdereg/java-util,276
VerisimilitudeX/DNAnalyzer,537
jdereg/java-util,278
jdereg/java-util,281
jdereg/java-util,325
operaton/operaton,912
OpenHFT/Chronicle-Threads,327
OpenHFT/Chronicle-Values,61
OpenHFT/Chronicle-Values,64
OpenHFT/Chronicle-Values,66
OpenHFT/Chronicle-Values,70
OpenHFT/Chronicle-Values,71
OpenHFT/Chronicle-Values,82
OpenHFT/Chronicle-Values,88
OpenHFT/Chronicle-Values,65
OpenHFT/Chronicle-Values,67
OpenHFT/Chronicle-Values,68
OpenHFT/Chronicle-Values,75
OpenHFT/Chronicle-Values,77
OpenHFT/Chronicle-Values,79
OpenHFT/Chronicle-Values,80
OpenHFT/Chronicle-Values,87
OpenHFT/Chronicle-Values,89
OpenHFT/Chronicle-Values,94
OpenHFT/Chronicle-Values,95
OpenHFT/Java-Runtime-Compiler,151
OpenHFT/Java-Runtime-Compiler,161
jdereg/java-util,202
xpinjection/test-driven-spring-boot,14
OpenHFT/Chronicle-Values,63
OpenHFT/Java-Thread-Affinity,153
OpenHFT/Java-Thread-Affinity,159
OpenHFT/Chronicle-Core,761
OpenHFT/Chronicle-Core,762
OpenHFT/Chronicle-Core,769
OpenHFT/Chronicle-Core,772
OpenHFT/Chronicle-Core,783
jdereg/json-io,320
jdereg/java-util,291
jdereg/java-util,295
jdereg/java-util,296
jdereg/java-util,297
jdereg/java-util,298
jdereg/json-io,323
jdereg/json-io,324
jdereg/json-io,327
jdereg/json-io,354
jdereg/json-io,355
jdereg/json-io,361
jdereg/json-io,362
jdereg/json-io,364
jdereg/json-io,370
jdereg/json-io,372
jdereg/json-io,373
jdereg/json-io,390
jdereg/json-io,391
jdereg/json-io,397
jdereg/json-io,404
jdereg/json-io,406
jdereg/json-io,410
jdereg/json-io,363
jdereg/json-io,365
jdereg/json-io,367
jdereg/json-io,368
jdereg/json-io,369
jdereg/json-io,371
jdereg/json-io,374
OpenHFT/Java-Thread-Affinity,158
OpenHFT/Java-Thread-Affinity,160
lunasaw/gb28181-proxy,38
datahub-project/datahub,14019
sakaiproject/sakai,13874
StarRocks/starrocks,61224
StarRocks/starrocks,61227
lunasaw/gb28181-proxy,40
datahub-project/datahub,13958
datahub-project/datahub,14016
datahub-project/datahub,14017
sakaiproject/sakai,13875
domaframework/doma,1322
